{
  "input_rows": 24,
  "dropped_latest_paper_ids": [
    "10.21203/rs.3.rs-9980260/v1",
    "10.3389/fneur.2026.1839830"
  ],
  "blank_summary_paper_ids": [
    "10.3389/fnut.2026.1858783",
    "10.65956/ltlt.2026.57"
  ],
  "noisy_summary_paper_ids": [
    "10.1007/s00223-026-01559-x",
    "10.3389/fspas.2026.1839173",
    "10.1007/s10266-026-01434-z"
  ],
  "truncated_title_paper_ids": [
    "10.20517/jtgg.2026.24",
    "10.1017/s1740355326101132",
    "10.1108/itse-10-2025-0313"
  ],
  "stale_date_paper_ids": [
    "10.1097/io9.0000000000000371",
    "10.4103/hm.hm-d-26-00006",
    "10.23971/mdr.v9i2.11432"
  ],
  "duplicated_paper_ids": [
    "10.3389/fmed.2026.1803921",
    "10.1200/jco.2026.44.17_suppl.lba7000"
  ],
  "output_rows": 24
}
